Timestamp,CPU_Total%,GPU_Total%,RAM_Used_GB,RAM_Total_GB,Power_Total_mW,Temp_GPU_C,Temp_CPU_C
23:40:24,0.0,56.3,0.00,0.00,0,0,0
23:40:25,0.0,64.3,0.00,0.00,0,0,0
23:40:26,0.0,27.4,0.00,0.00,0,0,0
23:40:27,0.0,6.1,0.00,0.00,0,0,0
23:40:28,0.0,33.6,0.00,0.00,0,0,0
23:40:29,0.0,0.0,0.00,0.00,0,0,0
23:40:30,0.0,0.0,0.00,0.00,0,0,0
23:40:31,0.0,0.0,0.00,0.00,0,0,0
23:40:32,0.0,0.0,0.00,0.00,0,0,0
23:40:33,0.0,0.0,0.00,0.00,0,0,0
23:40:34,0.0,0.0,0.00,0.00,0,0,0
23:40:35,0.0,0.0,0.00,0.00,0,0,0
23:40:36,0.0,0.0,0.00,0.00,0,0,0
23:40:37,0.0,3.5,0.00,0.00,0,0,0
23:40:38,0.0,20.7,0.00,0.00,0,0,0
23:40:39,0.0,49.8,0.00,0.00,0,0,0
23:40:40,0.0,49.2,0.00,0.00,0,0,0
23:40:41,0.0,70.3,0.00,0.00,0,0,0
23:40:42,0.0,32.3,0.00,0.00,0,0,0
23:40:43,0.0,77.6,0.00,0.00,0,0,0
23:40:44,0.0,39.3,0.00,0.00,0,0,0
23:40:45,0.0,8.9,0.00,0.00,0,0,0
23:40:46,0.0,36.6,0.00,0.00,0,0,0
23:40:47,0.0,73.3,0.00,0.00,0,0,0
23:40:48,0.0,47.3,0.00,0.00,0,0,0
23:40:49,0.0,67.0,0.00,0.00,0,0,0
23:40:50,0.0,53.0,0.00,0.00,0,0,0
23:40:51,0.0,10.8,0.00,0.00,0,0,0
23:40:52,0.0,18.1,0.00,0.00,0,0,0
23:40:53,0.0,56.2,0.00,0.00,0,0,0
23:40:54,0.0,32.1,0.00,0.00,0,0,0
23:40:55,0.0,54.5,0.00,0.00,0,0,0
23:40:56,0.0,64.2,0.00,0.00,0,0,0
23:40:57,0.0,25.1,0.00,0.00,0,0,0
23:40:58,0.0,7.9,0.00,0.00,0,0,0
23:40:59,0.0,25.6,0.00,0.00,0,0,0
23:41:00,0.0,24.2,0.00,0.00,0,0,0
23:41:01,0.0,60.1,0.00,0.00,0,0,0
23:41:02,0.0,77.0,0.00,0.00,0,0,0
23:41:03,0.0,37.8,0.00,0.00,0,0,0
23:41:04,0.0,62.5,0.00,0.00,0,0,0
23:41:05,0.0,40.6,0.00,0.00,0,0,0
23:41:06,0.0,8.6,0.00,0.00,0,0,0
23:41:07,0.0,49.4,0.00,0.00,0,0,0
23:41:08,0.0,74.8,0.00,0.00,0,0,0
23:41:09,0.0,48.6,0.00,0.00,0,0,0
23:41:10,0.0,77.2,0.00,0.00,0,0,0
23:41:11,0.0,50.5,0.00,0.00,0,0,0
23:41:12,0.0,7.5,0.00,0.00,0,0,0
23:41:13,0.0,39.0,0.00,0.00,0,0,0
23:41:14,0.0,9.2,0.00,0.00,0,0,0
23:41:15,0.0,37.4,0.00,0.00,0,0,0
23:41:16,0.0,75.8,0.00,0.00,0,0,0
23:41:17,0.0,62.3,0.00,0.00,0,0,0
23:41:18,0.0,21.6,0.00,0.00,0,0,0
23:41:19,0.0,48.8,0.00,0.00,0,0,0
23:41:20,0.0,25.2,0.00,0.00,0,0,0
23:41:21,0.0,25.5,0.00,0.00,0,0,0
23:41:22,0.0,61.3,0.00,0.00,0,0,0
23:41:23,0.0,76.1,0.00,0.00,0,0,0
23:41:24,0.0,36.9,0.00,0.00,0,0,0
23:41:25,0.0,61.6,0.00,0.00,0,0,0
23:41:26,0.0,18.3,0.00,0.00,0,0,0
23:41:27,0.0,8.9,0.00,0.00,0,0,0
23:41:28,0.0,50.1,0.00,0.00,0,0,0
23:41:29,0.0,71.9,0.00,0.00,0,0,0
23:41:30,0.0,48.8,0.00,0.00,0,0,0
23:41:31,0.0,77.3,0.00,0.00,0,0,0
23:41:32,0.0,37.3,0.00,0.00,0,0,0
23:41:33,0.0,7.5,0.00,0.00,0,0,0
23:41:34,0.0,39.4,0.00,0.00,0,0,0
23:41:35,0.0,8.9,0.00,0.00,0,0,0
23:41:36,0.0,41.5,0.00,0.00,0,0,0
23:41:37,0.0,75.1,0.00,0.00,0,0,0
23:41:38,0.0,47.1,0.00,0.00,0,0,0
23:41:39,0.0,20.9,0.00,0.00,0,0,0
23:41:40,0.0,49.0,0.00,0.00,0,0,0
23:41:41,0.0,7.6,0.00,0.00,0,0,0
23:41:42,0.0,25.0,0.00,0.00,0,0,0
23:41:43,0.0,61.1,0.00,0.00,0,0,0
23:41:44,0.0,59.6,0.00,0.00,0,0,0
23:41:45,0.0,36.8,0.00,0.00,0,0,0
23:41:46,0.0,61.2,0.00,0.00,0,0,0
23:41:47,0.0,18.8,0.00,0.00,0,0,0
23:41:48,0.0,9.6,0.00,0.00,0,0,0
23:41:49,0.0,50.2,0.00,0.00,0,0,0
23:41:50,0.0,70.5,0.00,0.00,0,0,0
23:41:51,0.0,48.8,0.00,0.00,0,0,0
23:41:52,0.0,76.2,0.00,0.00,0,0,0
23:41:53,0.0,36.2,0.00,0.00,0,0,0
23:41:54,0.0,4.7,0.00,0.00,0,0,0
23:41:55,0.0,40.4,0.00,0.00,0,0,0
23:41:56,0.0,10.4,0.00,0.00,0,0,0
23:41:57,0.0,51.5,0.00,0.00,0,0,0
23:41:58,0.0,76.6,0.00,0.00,0,0,0
23:41:59,0.0,45.9,0.00,0.00,0,0,0
23:42:00,0.0,5.1,0.00,0.00,0,0,0
23:42:01,0.0,48.1,0.00,0.00,0,0,0
23:42:02,0.0,6.3,0.00,0.00,0,0,0
23:42:03,0.0,39.3,0.00,0.00,0,0,0
23:42:04,0.0,59.4,0.00,0.00,0,0,0
23:42:05,0.0,61.7,0.00,0.00,0,0,0
23:42:06,0.0,22.3,0.00,0.00,0,0,0
23:42:07,0.0,66.5,0.00,0.00,0,0,0
23:42:08,0.0,28.0,0.00,0.00,0,0,0
23:42:09,0.0,19.3,0.00,0.00,0,0,0
23:42:10,0.0,44.9,0.00,0.00,0,0,0
23:42:11,0.0,79.2,0.00,0.00,0,0,0
23:42:12,0.0,44.0,0.00,0.00,0,0,0
23:42:13,0.0,76.6,0.00,0.00,0,0,0
23:42:14,0.0,47.2,0.00,0.00,0,0,0
23:42:15,0.0,6.1,0.00,0.00,0,0,0
23:42:16,0.0,27.0,0.00,0.00,0,0,0
23:42:17,0.0,60.7,0.00,0.00,0,0,0
23:42:18,0.0,37.1,0.00,0.00,0,0,0
23:42:19,0.0,56.3,0.00,0.00,0,0,0
23:42:20,0.0,63.6,0.00,0.00,0,0,0
23:42:21,0.0,25.6,0.00,0.00,0,0,0
23:42:22,0.0,6.3,0.00,0.00,0,0,0
23:42:23,0.0,47.6,0.00,0.00,0,0,0
23:42:24,0.0,16.4,0.00,0.00,0,0,0
23:42:25,0.0,52.3,0.00,0.00,0,0,0
23:42:26,0.0,78.1,0.00,0.00,0,0,0
23:42:27,0.0,46.4,0.00,0.00,0,0,0
23:42:28,0.0,5.0,0.00,0.00,0,0,0
23:42:29,0.0,27.7,0.00,0.00,0,0,0
23:42:30,0.0,7.2,0.00,0.00,0,0,0
23:42:31,0.0,37.7,0.00,0.00,0,0,0
23:42:32,0.0,56.0,0.00,0.00,0,0,0
23:42:33,0.0,62.9,0.00,0.00,0,0,0
23:42:34,0.0,26.1,0.00,0.00,0,0,0
23:42:35,0.0,5.6,0.00,0.00,0,0,0
23:42:36,0.0,31.9,0.00,0.00,0,0,0
23:42:37,0.0,14.7,0.00,0.00,0,0,0
23:42:38,0.0,42.5,0.00,0.00,0,0,0
23:42:39,0.0,78.2,0.00,0.00,0,0,0
23:42:40,0.0,46.0,0.00,0.00,0,0,0
23:42:41,0.0,73.9,0.00,0.00,0,0,0
23:42:42,0.0,49.5,0.00,0.00,0,0,0
23:42:43,0.0,7.5,0.00,0.00,0,0,0
23:42:44,0.0,22.7,0.00,0.00,0,0,0
23:42:45,0.0,57.7,0.00,0.00,0,0,0
23:42:46,0.0,62.8,0.00,0.00,0,0,0
23:42:47,0.0,53.9,0.00,0.00,0,0,0
23:42:48,0.0,67.9,0.00,0.00,0,0,0
23:42:49,0.0,30.0,0.00,0.00,0,0,0
23:42:50,0.0,5.0,0.00,0.00,0,0,0
23:42:51,0.0,43.8,0.00,0.00,0,0,0
23:42:52,0.0,79.9,0.00,0.00,0,0,0
23:42:53,0.0,51.3,0.00,0.00,0,0,0
23:42:54,0.0,76.6,0.00,0.00,0,0,0
23:42:55,0.0,47.9,0.00,0.00,0,0,0
23:42:56,0.0,6.1,0.00,0.00,0,0,0
23:42:57,0.0,24.7,0.00,0.00,0,0,0
23:42:58,0.0,10.1,0.00,0.00,0,0,0
23:42:59,0.0,35.2,0.00,0.00,0,0,0
23:43:00,0.0,53.5,0.00,0.00,0,0,0
23:43:01,0.0,66.6,0.00,0.00,0,0,0
23:43:02,0.0,28.9,0.00,0.00,0,0,0
23:43:03,0.0,5.1,0.00,0.00,0,0,0
23:43:04,0.0,35.1,0.00,0.00,0,0,0
23:43:05,0.0,11.4,0.00,0.00,0,0,0
23:43:06,0.0,38.7,0.00,0.00,0,0,0
23:43:07,0.0,76.7,0.00,0.00,0,0,0
23:43:08,0.0,47.2,0.00,0.00,0,0,0
23:43:09,0.0,22.6,0.00,0.00,0,0,0
23:43:10,0.0,52.0,0.00,0.00,0,0,0
23:43:11,0.0,9.7,0.00,0.00,0,0,0
23:43:12,0.0,18.2,0.00,0.00,0,0,0
23:43:13,0.0,55.9,0.00,0.00,0,0,0
23:43:14,0.0,62.4,0.00,0.00,0,0,0
23:43:15,0.0,55.0,0.00,0.00,0,0,0
23:43:16,0.0,63.4,0.00,0.00,0,0,0
23:43:17,0.0,19.5,0.00,0.00,0,0,0
23:43:18,0.0,5.6,0.00,0.00,0,0,0
23:43:19,0.0,50.1,0.00,0.00,0,0,0
23:43:20,0.0,25.7,0.00,0.00,0,0,0
23:43:21,0.0,66.7,0.00,0.00,0,0,0
23:43:22,0.0,68.6,0.00,0.00,0,0,0
23:43:23,0.0,26.1,0.00,0.00,0,0,0
23:43:24,0.0,19.4,0.00,0.00,0,0,0
23:43:25,0.0,26.2,0.00,0.00,0,0,0
23:43:26,0.0,0.0,0.00,0.00,0,0,0
23:43:27,0.0,0.0,0.00,0.00,0,0,0
23:43:28,0.0,0.0,0.00,0.00,0,0,0
23:43:29,0.0,42.1,0.00,0.00,0,0,0
23:43:30,0.0,65.5,0.00,0.00,0,0,0
23:43:31,0.0,41.7,0.00,0.00,0,0,0
23:43:32,0.0,4.7,0.00,0.00,0,0,0
23:43:33,0.0,49.3,0.00,0.00,0,0,0
23:43:34,0.0,77.8,0.00,0.00,0,0,0
23:43:35,0.0,49.1,0.00,0.00,0,0,0
23:43:36,0.0,70.8,0.00,0.00,0,0,0
23:43:37,0.0,45.5,0.00,0.00,0,0,0
23:43:38,0.0,2.2,0.00,0.00,0,0,0
23:43:39,0.0,28.0,0.00,0.00,0,0,0
23:43:40,0.0,2.2,0.00,0.00,0,0,0
23:43:41,0.0,46.4,0.00,0.00,0,0,0
23:43:42,0.0,76.1,0.00,0.00,0,0,0
23:43:43,0.0,48.0,0.00,0.00,0,0,0
23:43:44,0.0,76.6,0.00,0.00,0,0,0
23:43:45,0.0,34.8,0.00,0.00,0,0,0
23:43:46,0.0,1.4,0.00,0.00,0,0,0
23:43:47,0.0,42.6,0.00,0.00,0,0,0
23:43:48,0.0,80.0,0.00,0.00,0,0,0
23:43:49,0.0,53.6,0.00,0.00,0,0,0
23:43:50,0.0,79.8,0.00,0.00,0,0,0
23:43:51,0.0,40.3,0.00,0.00,0,0,0
23:43:52,0.0,5.9,0.00,0.00,0,0,0
23:43:53,0.0,39.7,0.00,0.00,0,0,0
23:43:54,0.0,6.3,0.00,0.00,0,0,0
23:43:55,0.0,50.4,0.00,0.00,0,0,0
23:43:56,0.0,78.7,0.00,0.00,0,0,0
23:43:57,0.0,44.3,0.00,0.00,0,0,0
23:43:58,0.0,68.0,0.00,0.00,0,0,0
23:43:59,0.0,44.3,0.00,0.00,0,0,0
23:44:00,0.0,3.1,0.00,0.00,0,0,0
23:44:01,0.0,47.3,0.00,0.00,0,0,0
23:44:02,0.0,74.9,0.00,0.00,0,0,0
23:44:03,0.0,47.5,0.00,0.00,0,0,0
23:44:04,0.0,73.6,0.00,0.00,0,0,0
23:44:05,0.0,46.7,0.00,0.00,0,0,0
23:44:06,0.0,1.9,0.00,0.00,0,0,0
23:44:07,0.0,44.9,0.00,0.00,0,0,0
23:44:08,0.0,1.8,0.00,0.00,0,0,0
23:44:09,0.0,45.0,0.00,0.00,0,0,0
23:44:10,0.0,78.7,0.00,0.00,0,0,0
23:44:11,0.0,49.3,0.00,0.00,0,0,0
23:44:12,0.0,77.9,0.00,0.00,0,0,0
23:44:13,0.0,35.6,0.00,0.00,0,0,0
23:44:14,0.0,0.0,0.00,0.00,0,0,0
23:44:15,0.0,37.6,0.00,0.00,0,0,0
23:44:16,0.0,79.7,0.00,0.00,0,0,0
23:44:17,0.0,50.8,0.00,0.00,0,0,0
23:44:18,0.0,76.0,0.00,0.00,0,0,0
23:44:19,0.0,46.3,0.00,0.00,0,0,0
23:44:20,0.0,4.9,0.00,0.00,0,0,0
23:44:21,0.0,27.5,0.00,0.00,0,0,0
23:44:22,0.0,62.9,0.00,0.00,0,0,0
23:44:23,0.0,36.6,0.00,0.00,0,0,0
23:44:24,0.0,62.7,0.00,0.00,0,0,0
23:44:25,0.0,58.3,0.00,0.00,0,0,0
23:44:26,0.0,15.7,0.00,0.00,0,0,0
23:44:27,0.0,15.7,0.00,0.00,0,0,0
23:44:28,0.0,15.5,0.00,0.00,0,0,0
23:44:29,0.0,28.0,0.00,0.00,0,0,0
23:44:30,0.0,51.5,0.00,0.00,0,0,0
23:44:31,0.0,66.5,0.00,0.00,0,0,0
23:44:32,0.0,25.9,0.00,0.00,0,0,0
23:44:33,0.0,69.9,0.00,0.00,0,0,0
23:44:34,0.0,31.9,0.00,0.00,0,0,0
23:44:35,0.0,15.5,0.00,0.00,0,0,0
23:44:36,0.0,42.0,0.00,0.00,0,0,0
23:44:37,0.0,80.0,0.00,0.00,0,0,0
23:44:38,0.0,52.6,0.00,0.00,0,0,0
23:44:39,0.0,79.8,0.00,0.00,0,0,0
23:44:40,0.0,43.4,0.00,0.00,0,0,0
23:44:41,0.0,7.9,0.00,0.00,0,0,0
23:44:42,0.0,35.1,0.00,0.00,0,0,0
23:44:43,0.0,5.1,0.00,0.00,0,0,0
23:44:44,0.0,45.5,0.00,0.00,0,0,0
23:44:45,0.0,80.3,0.00,0.00,0,0,0
23:44:46,0.0,58.5,0.00,0.00,0,0,0
23:44:47,0.0,16.4,0.00,0.00,0,0,0
23:44:48,0.0,31.4,0.00,0.00,0,0,0
23:44:49,0.0,22.5,0.00,0.00,0,0,0
23:44:50,0.0,25.2,0.00,0.00,0,0,0
23:44:51,0.0,62.4,0.00,0.00,0,0,0
23:44:52,0.0,72.5,0.00,0.00,0,0,0
23:44:53,0.0,31.2,0.00,0.00,0,0,0
23:44:54,0.0,58.3,0.00,0.00,0,0,0
23:44:55,0.0,31.1,0.00,0.00,0,0,0
23:44:56,0.0,14.7,0.00,0.00,0,0,0
23:44:57,0.0,57.3,0.00,0.00,0,0,0
23:44:58,0.0,78.2,0.00,0.00,0,0,0
23:44:59,0.0,57.8,0.00,0.00,0,0,0
23:45:00,0.0,59.8,0.00,0.00,0,0,0
23:45:01,0.0,34.4,0.00,0.00,0,0,0
23:45:02,0.0,11.1,0.00,0.00,0,0,0
23:45:03,0.0,12.1,0.00,0.00,0,0,0
23:45:04,0.0,11.1,0.00,0.00,0,0,0
23:45:05,0.0,53.4,0.00,0.00,0,0,0
23:45:06,0.0,62.8,0.00,0.00,0,0,0
23:45:07,0.0,40.2,0.00,0.00,0,0,0
23:45:08,0.0,62.9,0.00,0.00,0,0,0
23:45:09,0.0,15.9,0.00,0.00,0,0,0
23:45:10,0.0,8.3,0.00,0.00,0,0,0
23:45:11,0.0,53.6,0.00,0.00,0,0,0
23:45:12,0.0,31.7,0.00,0.00,0,0,0
23:45:13,0.0,75.2,0.00,0.00,0,0,0
23:45:14,0.0,62.0,0.00,0.00,0,0,0
23:45:15,0.0,15.9,0.00,0.00,0,0,0
23:45:16,0.0,27.9,0.00,0.00,0,0,0
23:45:17,0.0,16.6,0.00,0.00,0,0,0
23:45:18,0.0,28.3,0.00,0.00,0,0,0
23:45:19,0.0,70.4,0.00,0.00,0,0,0
23:45:20,0.0,66.3,0.00,0.00,0,0,0
23:45:21,0.0,22.6,0.00,0.00,0,0,0
23:45:22,0.0,51.0,0.00,0.00,0,0,0
23:45:23,0.0,22.6,0.00,0.00,0,0,0
23:45:24,0.0,23.6,0.00,0.00,0,0,0
23:45:25,0.0,58.7,0.00,0.00,0,0,0
23:45:26,0.0,78.7,0.00,0.00,0,0,0
23:45:27,0.0,52.3,0.00,0.00,0,0,0
23:45:28,0.0,64.8,0.00,0.00,0,0,0
23:45:29,0.0,41.4,0.00,0.00,0,0,0
23:45:30,0.0,5.3,0.00,0.00,0,0,0
23:45:31,0.0,48.4,0.00,0.00,0,0,0
23:45:32,0.0,4.7,0.00,0.00,0,0,0
23:45:33,0.0,48.4,0.00,0.00,0,0,0
23:45:34,0.0,69.9,0.00,0.00,0,0,0
23:45:35,0.0,45.4,0.00,0.00,0,0,0
23:45:36,0.0,2.2,0.00,0.00,0,0,0
23:45:37,0.0,28.8,0.00,0.00,0,0,0
23:45:38,0.0,2.2,0.00,0.00,0,0,0
23:45:39,0.0,46.4,0.00,0.00,0,0,0
23:45:40,0.0,76.5,0.00,0.00,0,0,0
23:45:41,0.0,60.6,0.00,0.00,0,0,0
23:45:42,0.0,74.8,0.00,0.00,0,0,0
23:45:43,0.0,36.8,0.00,0.00,0,0,0
23:45:44,0.0,10.7,0.00,0.00,0,0,0
23:45:45,0.0,37.9,0.00,0.00,0,0,0
23:45:46,0.0,76.2,0.00,0.00,0,0,0
23:45:47,0.0,49.7,0.00,0.00,0,0,0
23:45:48,0.0,72.0,0.00,0.00,0,0,0
23:45:49,0.0,49.7,0.00,0.00,0,0,0
23:45:50,0.0,3.3,0.00,0.00,0,0,0
23:45:51,0.0,23.4,0.00,0.00,0,0,0
23:45:52,0.0,3.5,0.00,0.00,0,0,0
23:45:53,0.0,38.4,0.00,0.00,0,0,0
23:45:54,0.0,63.9,0.00,0.00,0,0,0
23:45:55,0.0,55.7,0.00,0.00,0,0,0
23:45:56,0.0,7.0,0.00,0.00,0,0,0
23:45:57,0.0,56.9,0.00,0.00,0,0,0
23:45:58,0.0,7.0,0.00,0.00,0,0,0
23:45:59,0.0,34.3,0.00,0.00,0,0,0
23:46:00,0.0,58.8,0.00,0.00,0,0,0
23:46:01,0.0,60.7,0.00,0.00,0,0,0
23:46:02,0.0,76.7,0.00,0.00,0,0,0
23:46:03,0.0,45.4,0.00,0.00,0,0,0
23:46:04,0.0,13.2,0.00,0.00,0,0,0
23:46:05,0.0,31.0,0.00,0.00,0,0,0
23:46:06,0.0,1.3,0.00,0.00,0,0,0
23:46:07,0.0,30.9,0.00,0.00,0,0,0
23:46:08,0.0,72.6,0.00,0.00,0,0,0
23:46:09,0.0,49.1,0.00,0.00,0,0,0
23:46:10,0.0,25.0,0.00,0.00,0,0,0
23:46:11,0.0,53.9,0.00,0.00,0,0,0
23:46:12,0.0,12.2,0.00,0.00,0,0,0
23:46:13,0.0,15.1,0.00,0.00,0,0,0
23:46:14,0.0,51.0,0.00,0.00,0,0,0
23:46:15,0.0,66.3,0.00,0.00,0,0,0
23:46:16,0.0,43.5,0.00,0.00,0,0,0
23:46:17,0.0,66.6,0.00,0.00,0,0,0
23:46:18,0.0,29.9,0.00,0.00,0,0,0
23:46:19,0.0,5.0,0.00,0.00,0,0,0
23:46:20,0.0,42.6,0.00,0.00,0,0,0
23:46:21,0.0,79.7,0.00,0.00,0,0,0
23:46:22,0.0,43.4,0.00,0.00,0,0,0
23:46:23,0.0,80.1,0.00,0.00,0,0,0
23:46:24,0.0,42.6,0.00,0.00,0,0,0
23:46:25,0.0,13.1,0.00,0.00,0,0,0
23:46:26,0.0,34.5,0.00,0.00,0,0,0
23:46:27,0.0,2.9,0.00,0.00,0,0,0
23:46:28,0.0,31.5,0.00,0.00,0,0,0
23:46:29,0.0,65.8,0.00,0.00,0,0,0
23:46:30,0.0,55.8,0.00,0.00,0,0,0
23:46:31,0.0,5.9,0.00,0.00,0,0,0
23:46:32,0.0,56.1,0.00,0.00,0,0,0
23:46:33,0.0,6.1,0.00,0.00,0,0,0
23:46:34,0.0,34.6,0.00,0.00,0,0,0
23:46:35,0.0,59.2,0.00,0.00,0,0,0
23:46:36,0.0,60.8,0.00,0.00,0,0,0
23:46:37,0.0,77.7,0.00,0.00,0,0,0
23:46:38,0.0,60.8,0.00,0.00,0,0,0
23:46:39,0.0,13.0,0.00,0.00,0,0,0
23:46:40,0.0,31.4,0.00,0.00,0,0,0
23:46:41,0.0,53.8,0.00,0.00,0,0,0
23:46:42,0.0,31.1,0.00,0.00,0,0,0
23:46:43,0.0,72.6,0.00,0.00,0,0,0
23:46:44,0.0,64.0,0.00,0.00,0,0,0
23:46:45,0.0,18.4,0.00,0.00,0,0,0
23:46:46,0.0,27.5,0.00,0.00,0,0,0
23:46:47,0.0,19.5,0.00,0.00,0,0,0
23:46:48,0.0,26.9,0.00,0.00,0,0,0
23:46:49,0.0,68.3,0.00,0.00,0,0,0
23:46:50,0.0,67.8,0.00,0.00,0,0,0
23:46:51,0.0,68.7,0.00,0.00,0,0,0
23:46:52,0.0,52.4,0.00,0.00,0,0,0
23:46:53,0.0,25.5,0.00,0.00,0,0,0
23:46:54,0.0,20.9,0.00,0.00,0,0,0
23:46:55,0.0,62.6,0.00,0.00,0,0,0
23:46:56,0.0,20.8,0.00,0.00,0,0,0
23:46:57,0.0,62.8,0.00,0.00,0,0,0
23:46:58,0.0,58.2,0.00,0.00,0,0,0
23:46:59,0.0,8.5,0.00,0.00,0,0,0
23:47:00,0.0,14.8,0.00,0.00,0,0,0
23:47:01,0.0,9.2,0.00,0.00,0,0,0
23:47:02,0.0,33.3,0.00,0.00,0,0,0
23:47:03,0.0,56.9,0.00,0.00,0,0,0
23:47:04,0.0,61.4,0.00,0.00,0,0,0
23:47:05,0.0,75.7,0.00,0.00,0,0,0
23:47:06,0.0,61.3,0.00,0.00,0,0,0
23:47:07,0.0,14.9,0.00,0.00,0,0,0
23:47:08,0.0,31.2,0.00,0.00,0,0,0
23:47:09,0.0,53.6,0.00,0.00,0,0,0
23:47:10,0.0,30.3,0.00,0.00,0,0,0
23:47:11,0.0,73.0,0.00,0.00,0,0,0
23:47:12,0.0,62.9,0.00,0.00,0,0,0
23:47:13,0.0,19.4,0.00,0.00,0,0,0
23:47:14,0.0,26.5,0.00,0.00,0,0,0
23:47:15,0.0,19.0,0.00,0.00,0,0,0
23:47:16,0.0,26.7,0.00,0.00,0,0,0
23:47:17,0.0,69.1,0.00,0.00,0,0,0
23:47:18,0.0,65.7,0.00,0.00,0,0,0
23:47:19,0.0,71.7,0.00,0.00,0,0,0
23:47:20,0.0,48.9,0.00,0.00,0,0,0
23:47:21,0.0,19.0,0.00,0.00,0,0,0
23:47:22,0.0,28.0,0.00,0.00,0,0,0
23:47:23,0.0,69.7,0.00,0.00,0,0,0
23:47:24,0.0,28.0,0.00,0.00,0,0,0
23:47:25,0.0,69.2,0.00,0.00,0,0,0
23:47:26,0.0,51.9,0.00,0.00,0,0,0
23:47:27,0.0,3.2,0.00,0.00,0,0,0
23:47:28,0.0,51.6,0.00,0.00,0,0,0
23:47:29,0.0,4.1,0.00,0.00,0,0,0
23:47:30,0.0,37.2,0.00,0.00,0,0,0
23:47:31,0.0,64.4,0.00,0.00,0,0,0
23:47:32,0.0,56.5,0.00,0.00,0,0,0
23:47:33,0.0,79.6,0.00,0.00,0,0,0
23:47:34,0.0,55.9,0.00,0.00,0,0,0
23:47:35,0.0,5.2,0.00,0.00,0,0,0
23:47:36,0.0,34.9,0.00,0.00,0,0,0
23:47:37,0.0,59.2,0.00,0.00,0,0,0
23:47:38,0.0,34.6,0.00,0.00,0,0,0
23:47:39,0.0,77.1,0.00,0.00,0,0,0
23:47:40,0.0,60.6,0.00,0.00,0,0,0
23:47:41,0.0,12.8,0.00,0.00,0,0,0
23:47:42,0.0,31.6,0.00,0.00,0,0,0
23:47:43,0.0,12.9,0.00,0.00,0,0,0
23:47:44,0.0,31.6,0.00,0.00,0,0,0
23:47:45,0.0,73.4,0.00,0.00,0,0,0
23:47:46,0.0,62.8,0.00,0.00,0,0,0
23:47:47,0.0,73.4,0.00,0.00,0,0,0
23:47:48,0.0,48.8,0.00,0.00,0,0,0
23:47:49,0.0,19.5,0.00,0.00,0,0,0
23:47:50,0.0,26.3,0.00,0.00,0,0,0
23:47:51,0.0,67.5,0.00,0.00,0,0,0
23:47:52,0.0,27.0,0.00,0.00,0,0,0
23:47:53,0.0,67.3,0.00,0.00,0,0,0
23:47:54,0.0,53.4,0.00,0.00,0,0,0
23:47:55,0.0,3.2,0.00,0.00,0,0,0
23:47:56,0.0,22.5,0.00,0.00,0,0,0
23:47:57,0.0,4.1,0.00,0.00,0,0,0
23:47:58,0.0,37.0,0.00,0.00,0,0,0
23:47:59,0.0,62.3,0.00,0.00,0,0,0
23:48:00,0.0,59.3,0.00,0.00,0,0,0
23:48:01,0.0,17.6,0.00,0.00,0,0,0
23:48:02,0.0,61.0,0.00,0.00,0,0,0
23:48:03,0.0,20.4,0.00,0.00,0,0,0
23:48:04,0.0,32.8,0.00,0.00,0,0,0
23:48:05,0.0,50.9,0.00,0.00,0,0,0
23:48:06,0.0,74.1,0.00,0.00,0,0,0
23:48:07,0.0,58.2,0.00,0.00,0,0,0
23:48:08,0.0,72.1,0.00,0.00,0,0,0
23:48:09,0.0,40.1,0.00,0.00,0,0,0
23:48:10,0.0,5.9,0.00,0.00,0,0,0
23:48:11,0.0,33.2,0.00,0.00,0,0,0
23:48:12,0.0,4.7,0.00,0.00,0,0,0
23:48:13,0.0,48.4,0.00,0.00,0,0,0
23:48:14,0.0,75.7,0.00,0.00,0,0,0
23:48:15,0.0,46.6,0.00,0.00,0,0,0
23:48:16,0.0,1.9,0.00,0.00,0,0,0
23:48:17,0.0,46.4,0.00,0.00,0,0,0
23:48:18,0.0,1.9,0.00,0.00,0,0,0
23:48:19,0.0,45.4,0.00,0.00,0,0,0
23:48:20,0.0,71.8,0.00,0.00,0,0,0
23:48:21,0.0,49.4,0.00,0.00,0,0,0
23:48:22,0.0,76.8,0.00,0.00,0,0,0
23:48:23,0.0,36.7,0.00,0.00,0,0,0
23:48:24,0.0,3.1,0.00,0.00,0,0,0
23:48:25,0.0,39.4,0.00,0.00,0,0,0
23:48:26,0.0,80.5,0.00,0.00,0,0,0
23:48:27,0.0,39.6,0.00,0.00,0,0,0
23:48:28,0.0,80.2,0.00,0.00,0,0,0
23:48:29,0.0,41.1,0.00,0.00,0,0,0
23:48:30,0.0,5.6,0.00,0.00,0,0,0
23:48:31,0.0,41.3,0.00,0.00,0,0,0
23:48:32,0.0,5.5,0.00,0.00,0,0,0
23:48:33,0.0,34.8,0.00,0.00,0,0,0
23:48:34,0.0,78.3,0.00,0.00,0,0,0
23:48:35,0.0,44.6,0.00,0.00,0,0,0
23:48:36,0.0,78.0,0.00,0.00,0,0,0
23:48:37,0.0,44.2,0.00,0.00,0,0,0
23:48:38,0.0,2.8,0.00,0.00,0,0,0
23:48:39,0.0,32.4,0.00,0.00,0,0,0
23:48:40,0.0,75.0,0.00,0.00,0,0,0
23:48:41,0.0,47.4,0.00,0.00,0,0,0
23:48:42,0.0,74.5,0.00,0.00,0,0,0
23:48:43,0.0,47.1,0.00,0.00,0,0,0
23:48:44,0.0,1.8,0.00,0.00,0,0,0
23:48:45,0.0,47.2,0.00,0.00,0,0,0
23:48:46,0.0,1.7,0.00,0.00,0,0,0
23:48:47,0.0,43.9,0.00,0.00,0,0,0
23:48:48,0.0,70.3,0.00,0.00,0,0,0
23:48:49,0.0,51.1,0.00,0.00,0,0,0
23:48:50,0.0,78.5,0.00,0.00,0,0,0
23:48:51,0.0,38.5,0.00,0.00,0,0,0
23:48:52,0.0,4.1,0.00,0.00,0,0,0
23:48:53,0.0,38.8,0.00,0.00,0,0,0
23:48:54,0.0,80.1,0.00,0.00,0,0,0
23:48:55,0.0,37.0,0.00,0.00,0,0,0
23:48:56,0.0,79.8,0.00,0.00,0,0,0
23:48:57,0.0,43.8,0.00,0.00,0,0,0
23:48:58,0.0,7.7,0.00,0.00,0,0,0
23:48:59,0.0,34.2,0.00,0.00,0,0,0
23:49:00,0.0,3.4,0.00,0.00,0,0,0
23:49:01,0.0,33.6,0.00,0.00,0,0,0
23:49:02,0.0,77.2,0.00,0.00,0,0,0
23:49:03,0.0,45.9,0.00,0.00,0,0,0
23:49:04,0.0,77.8,0.00,0.00,0,0,0
23:49:05,0.0,46.0,0.00,0.00,0,0,0
23:49:06,0.0,1.8,0.00,0.00,0,0,0
23:49:07,0.0,30.7,0.00,0.00,0,0,0
23:49:08,0.0,73.1,0.00,0.00,0,0,0
23:49:09,0.0,45.3,0.00,0.00,0,0,0
23:49:10,0.0,73.4,0.00,0.00,0,0,0
23:49:11,0.0,49.2,0.00,0.00,0,0,0
23:49:12,0.0,1.6,0.00,0.00,0,0,0
23:49:13,0.0,26.4,0.00,0.00,0,0,0
23:49:14,0.0,1.6,0.00,0.00,0,0,0
23:49:15,0.0,41.4,0.00,0.00,0,0,0
23:49:16,0.0,68.0,0.00,0.00,0,0,0
23:49:17,0.0,53.2,0.00,0.00,0,0,0
23:49:18,0.0,4.0,0.00,0.00,0,0,0
23:49:19,0.0,39.8,0.00,0.00,0,0,0
23:49:20,0.0,4.1,0.00,0.00,0,0,0
23:49:21,0.0,36.2,0.00,0.00,0,0,0
23:49:22,0.0,80.5,0.00,0.00,0,0,0
23:49:23,0.0,35.9,0.00,0.00,0,0,0
23:49:24,0.0,81.2,0.00,0.00,0,0,0
23:49:25,0.0,43.9,0.00,0.00,0,0,0
23:49:26,0.0,8.1,0.00,0.00,0,0,0
23:49:27,0.0,33.9,0.00,0.00,0,0,0
23:49:28,0.0,3.6,0.00,0.00,0,0,0
23:49:29,0.0,33.5,0.00,0.00,0,0,0
23:49:30,0.0,77.4,0.00,0.00,0,0,0
23:49:31,0.0,46.2,0.00,0.00,0,0,0
23:49:32,0.0,13.3,0.00,0.00,0,0,0
23:49:33,0.0,45.9,0.00,0.00,0,0,0
23:49:34,0.0,2.2,0.00,0.00,0,0,0
23:49:35,0.0,30.3,0.00,0.00,0,0,0
23:49:36,0.0,73.3,0.00,0.00,0,0,0
23:49:37,0.0,45.6,0.00,0.00,0,0,0
23:49:38,0.0,73.9,0.00,0.00,0,0,0
23:49:39,0.0,48.1,0.00,0.00,0,0,0
23:49:40,0.0,0.8,0.00,0.00,0,0,0
23:49:41,0.0,27.8,0.00,0.00,0,0,0
23:49:42,0.0,1.4,0.00,0.00,0,0,0
23:49:43,0.0,41.5,0.00,0.00,0,0,0
23:49:44,0.0,68.7,0.00,0.00,0,0,0
23:49:45,0.0,52.7,0.00,0.00,0,0,0
23:49:46,0.0,4.1,0.00,0.00,0,0,0
23:49:47,0.0,40.1,0.00,0.00,0,0,0
23:49:48,0.0,4.0,0.00,0.00,0,0,0
23:49:49,0.0,36.3,0.00,0.00,0,0,0
23:49:50,0.0,79.8,0.00,0.00,0,0,0
23:49:51,0.0,58.8,0.00,0.00,0,0,0
23:49:52,0.0,79.9,0.00,0.00,0,0,0
23:49:53,0.0,44.2,0.00,0.00,0,0,0
23:49:54,0.0,8.8,0.00,0.00,0,0,0
23:49:55,0.0,33.2,0.00,0.00,0,0,0
23:49:56,0.0,3.1,0.00,0.00,0,0,0
23:49:57,0.0,33.2,0.00,0.00,0,0,0
23:49:58,0.0,76.5,0.00,0.00,0,0,0
23:49:59,0.0,46.7,0.00,0.00,0,0,0
23:50:00,0.0,14.6,0.00,0.00,0,0,0
23:50:01,0.0,46.5,0.00,0.00,0,0,0
23:50:02,0.0,1.6,0.00,0.00,0,0,0
23:50:03,0.0,29.3,0.00,0.00,0,0,0
23:50:04,0.0,71.9,0.00,0.00,0,0,0
23:50:05,0.0,50.5,0.00,0.00,0,0,0
23:50:06,0.0,71.6,0.00,0.00,0,0,0
23:50:07,0.0,51.1,0.00,0.00,0,0,0
23:50:08,0.0,2.3,0.00,0.00,0,0,0
23:50:09,0.0,22.8,0.00,0.00,0,0,0
23:50:10,0.0,65.5,0.00,0.00,0,0,0
23:50:11,0.0,38.3,0.00,0.00,0,0,0
23:50:12,0.0,66.1,0.00,0.00,0,0,0
23:50:13,0.0,57.1,0.00,0.00,0,0,0
23:50:14,0.0,5.3,0.00,0.00,0,0,0
23:50:15,0.0,42.1,0.00,0.00,0,0,0
23:50:16,0.0,5.1,0.00,0.00,0,0,0
23:50:17,0.0,33.8,0.00,0.00,0,0,0
23:50:18,0.0,79.0,0.00,0.00,0,0,0
23:50:19,0.0,60.6,0.00,0.00,0,0,0
23:50:20,0.0,78.9,0.00,0.00,0,0,0
23:50:21,0.0,45.8,0.00,0.00,0,0,0
23:50:22,0.0,11.9,0.00,0.00,0,0,0
23:50:23,0.0,31.5,0.00,0.00,0,0,0
23:50:24,0.0,73.5,0.00,0.00,0,0,0
23:50:25,0.0,29.5,0.00,0.00,0,0,0
23:50:26,0.0,73.1,0.00,0.00,0,0,0
23:50:27,0.0,50.0,0.00,0.00,0,0,0
23:50:28,0.0,20.1,0.00,0.00,0,0,0
23:50:29,0.0,50.1,0.00,0.00,0,0,0
23:50:30,0.0,2.3,0.00,0.00,0,0,0
23:50:31,0.0,24.8,0.00,0.00,0,0,0
23:50:32,0.0,67.5,0.00,0.00,0,0,0
23:50:33,0.0,54.2,0.00,0.00,0,0,0
23:50:34,0.0,67.5,0.00,0.00,0,0,0
23:50:35,0.0,55.1,0.00,0.00,0,0,0
23:50:36,0.0,3.4,0.00,0.00,0,0,0
23:50:37,0.0,18.5,0.00,0.00,0,0,0
23:50:38,0.0,62.1,0.00,0.00,0,0,0
23:50:39,0.0,35.1,0.00,0.00,0,0,0
23:50:40,0.0,62.3,0.00,0.00,0,0,0
23:50:41,0.0,58.8,0.00,0.00,0,0,0
23:50:42,0.0,9.4,0.00,0.00,0,0,0
23:50:43,0.0,12.2,0.00,0.00,0,0,0
23:50:44,0.0,9.5,0.00,0.00,0,0,0
23:50:45,0.0,32.1,0.00,0.00,0,0,0
23:50:46,0.0,77.4,0.00,0.00,0,0,0
23:50:47,0.0,62.4,0.00,0.00,0,0,0
23:50:48,0.0,77.2,0.00,0.00,0,0,0
23:50:49,0.0,47.2,0.00,0.00,0,0,0
23:50:50,0.0,15.7,0.00,0.00,0,0,0
23:50:51,0.0,27.9,0.00,0.00,0,0,0
23:50:52,0.0,71.4,0.00,0.00,0,0,0
23:50:53,0.0,27.9,0.00,0.00,0,0,0
23:50:54,0.0,71.5,0.00,0.00,0,0,0
23:50:55,0.0,50.1,0.00,0.00,0,0,0
23:50:56,0.0,21.3,0.00,0.00,0,0,0
23:50:57,0.0,22.8,0.00,0.00,0,0,0
23:50:58,0.0,2.3,0.00,0.00,0,0,0
23:50:59,0.0,24.6,0.00,0.00,0,0,0
23:51:00,0.0,69.6,0.00,0.00,0,0,0
23:51:01,0.0,51.1,0.00,0.00,0,0,0
23:51:02,0.0,72.9,0.00,0.00,0,0,0
23:51:03,0.0,48.6,0.00,0.00,0,0,0
23:51:04,0.0,1.5,0.00,0.00,0,0,0
23:51:05,0.0,27.9,0.00,0.00,0,0,0
23:51:06,0.0,71.6,0.00,0.00,0,0,0
23:51:07,0.0,43.2,0.00,0.00,0,0,0
23:51:08,0.0,71.5,0.00,0.00,0,0,0
23:51:09,0.0,50.6,0.00,0.00,0,0,0
23:51:10,0.0,5.7,0.00,0.00,0,0,0
23:51:11,0.0,37.7,0.00,0.00,0,0,0
23:51:12,0.0,7.2,0.00,0.00,0,0,0
23:51:13,0.0,39.0,0.00,0.00,0,0,0
23:51:14,0.0,79.2,0.00,0.00,0,0,0
23:51:15,0.0,61.3,0.00,0.00,0,0,0
23:51:16,0.0,76.7,0.00,0.00,0,0,0
23:51:17,0.0,48.1,0.00,0.00,0,0,0
23:51:18,0.0,20.9,0.00,0.00,0,0,0
23:51:19,0.0,26.2,0.00,0.00,0,0,0
23:51:20,0.0,63.0,0.00,0.00,0,0,0
23:51:21,0.0,77.1,0.00,0.00,0,0,0
23:51:22,0.0,61.1,0.00,0.00,0,0,0
23:51:23,0.0,59.8,0.00,0.00,0,0,0
23:51:24,0.0,32.5,0.00,0.00,0,0,0
23:51:25,0.0,11.5,0.00,0.00,0,0,0
23:51:26,0.0,10.7,0.00,0.00,0,0,0
23:51:27,0.0,11.3,0.00,0.00,0,0,0
23:51:28,0.0,57.6,0.00,0.00,0,0,0
23:51:29,0.0,61.3,0.00,0.00,0,0,0
23:51:30,0.0,37.4,0.00,0.00,0,0,0
23:51:31,0.0,62.9,0.00,0.00,0,0,0
23:51:32,0.0,21.1,0.00,0.00,0,0,0
23:51:33,0.0,5.1,0.00,0.00,0,0,0
23:51:34,0.0,49.9,0.00,0.00,0,0,0
23:51:36,0.0,73.6,0.00,0.00,0,0,0
23:51:37,0.0,49.7,0.00,0.00,0,0,0
23:51:38,0.0,77.0,0.00,0.00,0,0,0
23:51:39,0.0,34.6,0.00,0.00,0,0,0
23:51:40,0.0,4.2,0.00,0.00,0,0,0
23:51:41,0.0,39.4,0.00,0.00,0,0,0
23:51:42,0.0,80.4,0.00,0.00,0,0,0
23:51:43,0.0,50.7,0.00,0.00,0,0,0
23:51:44,0.0,79.0,0.00,0.00,0,0,0
23:51:45,0.0,46.5,0.00,0.00,0,0,0
23:51:46,0.0,4.9,0.00,0.00,0,0,0
23:51:47,0.0,30.4,0.00,0.00,0,0,0
23:51:48,0.0,4.8,0.00,0.00,0,0,0
23:51:49,0.0,41.7,0.00,0.00,0,0,0
23:51:50,0.0,65.7,0.00,0.00,0,0,0
23:51:51,0.0,58.6,0.00,0.00,0,0,0
23:51:52,0.0,13.1,0.00,0.00,0,0,0
23:51:53,0.0,60.2,0.00,0.00,0,0,0
23:51:54,0.0,17.3,0.00,0.00,0,0,0
23:51:55,0.0,31.2,0.00,0.00,0,0,0
23:51:56,0.0,51.7,0.00,0.00,0,0,0
23:51:57,0.0,70.5,0.00,0.00,0,0,0
23:51:58,0.0,65.6,0.00,0.00,0,0,0
23:51:59,0.0,73.1,0.00,0.00,0,0,0
23:52:00,0.0,32.1,0.00,0.00,0,0,0
23:52:01,0.0,14.2,0.00,0.00,0,0,0
23:52:02,0.0,43.6,0.00,0.00,0,0,0
23:52:03,0.0,10.8,0.00,0.00,0,0,0
23:52:04,0.0,51.6,0.00,0.00,0,0,0
23:52:05,0.0,68.4,0.00,0.00,0,0,0
23:52:06,0.0,45.3,0.00,0.00,0,0,0
23:52:07,0.0,5.1,0.00,0.00,0,0,0
23:52:08,0.0,30.0,0.00,0.00,0,0,0
23:52:09,0.0,4.7,0.00,0.00,0,0,0
23:52:10,0.0,45.3,0.00,0.00,0,0,0
23:52:11,0.0,82.1,0.00,0.00,0,0,0
23:52:12,0.0,56.8,0.00,0.00,0,0,0
23:52:13,0.0,80.8,0.00,0.00,0,0,0
23:52:14,0.0,44.3,0.00,0.00,0,0,0
23:52:15,0.0,14.1,0.00,0.00,0,0,0
23:52:16,0.0,33.8,0.00,0.00,0,0,0
23:52:17,0.0,71.7,0.00,0.00,0,0,0
23:52:18,0.0,67.3,0.00,0.00,0,0,0
23:52:19,0.0,67.9,0.00,0.00,0,0,0
23:52:20,0.0,56.2,0.00,0.00,0,0,0
23:52:21,0.0,28.9,0.00,0.00,0,0,0
23:52:22,0.0,18.0,0.00,0.00,0,0,0
23:52:23,0.0,56.1,0.00,0.00,0,0,0
23:52:24,0.0,13.4,0.00,0.00,0,0,0
23:52:25,0.0,53.0,0.00,0.00,0,0,0
23:52:26,0.0,66.6,0.00,0.00,0,0,0
23:52:27,0.0,44.0,0.00,0.00,0,0,0
23:52:28,0.0,5.4,0.00,0.00,0,0,0
23:52:29,0.0,28.6,0.00,0.00,0,0,0
23:52:30,0.0,4.9,0.00,0.00,0,0,0
23:52:31,0.0,45.8,0.00,0.00,0,0,0
23:52:32,0.0,80.3,0.00,0.00,0,0,0
23:52:33,0.0,40.7,0.00,0.00,0,0,0
23:52:34,0.0,81.4,0.00,0.00,0,0,0
23:52:35,0.0,43.9,0.00,0.00,0,0,0
23:52:36,0.0,6.3,0.00,0.00,0,0,0
23:52:37,0.0,34.8,0.00,0.00,0,0,0
23:52:38,0.0,74.2,0.00,0.00,0,0,0
23:52:39,0.0,46.5,0.00,0.00,0,0,0
23:52:40,0.0,68.7,0.00,0.00,0,0,0
23:52:41,0.0,56.5,0.00,0.00,0,0,0
23:52:42,0.0,12.4,0.00,0.00,0,0,0
23:52:43,0.0,13.0,0.00,0.00,0,0,0
23:52:44,0.0,52.6,0.00,0.00,0,0,0
23:52:45,0.0,29.7,0.00,0.00,0,0,0
23:52:46,0.0,50.4,0.00,0.00,0,0,0
23:52:47,0.0,72.6,0.00,0.00,0,0,0
23:52:48,0.0,33.6,0.00,0.00,0,0,0
23:52:49,0.0,5.9,0.00,0.00,0,0,0
23:52:50,0.0,38.9,0.00,0.00,0,0,0
23:52:51,0.0,7.9,0.00,0.00,0,0,0
23:52:52,0.0,36.9,0.00,0.00,0,0,0
23:52:53,0.0,76.7,0.00,0.00,0,0,0
23:52:54,0.0,47.5,0.00,0.00,0,0,0
23:52:55,0.0,21.0,0.00,0.00,0,0,0
23:52:56,0.0,51.9,0.00,0.00,0,0,0
23:52:57,0.0,7.3,0.00,0.00,0,0,0
23:52:58,0.0,19.3,0.00,0.00,0,0,0
23:52:59,0.0,57.1,0.00,0.00,0,0,0
23:53:00,0.0,62.8,0.00,0.00,0,0,0
23:53:01,0.0,74.0,0.00,0.00,0,0,0
23:53:02,0.0,65.8,0.00,0.00,0,0,0
23:53:03,0.0,24.1,0.00,0.00,0,0,0
23:53:04,0.0,24.1,0.00,0.00,0,0,0
23:53:05,0.0,47.9,0.00,0.00,0,0,0
23:53:06,0.0,78.7,0.00,0.00,0,0,0
23:53:07,0.0,57.3,0.00,0.00,0,0,0
23:53:08,0.0,80.5,0.00,0.00,0,0,0
23:53:09,0.0,39.6,0.00,0.00,0,0,0
23:53:10,0.0,6.6,0.00,0.00,0,0,0
23:53:11,0.0,37.0,0.00,0.00,0,0,0
23:53:12,0.0,8.5,0.00,0.00,0,0,0
23:53:13,0.0,54.9,0.00,0.00,0,0,0
23:53:14,0.0,80.3,0.00,0.00,0,0,0
23:53:15,0.0,36.5,0.00,0.00,0,0,0
23:53:16,0.0,61.3,0.00,0.00,0,0,0
23:53:17,0.0,32.7,0.00,0.00,0,0,0
23:53:18,0.0,13.4,0.00,0.00,0,0,0
23:53:19,0.0,59.5,0.00,0.00,0,0,0
23:53:20,0.0,17.1,0.00,0.00,0,0,0
23:53:21,0.0,61.3,0.00,0.00,0,0,0
23:53:22,0.0,59.5,0.00,0.00,0,0,0
23:53:23,0.0,32.0,0.00,0.00,0,0,0
23:53:24,0.0,13.5,0.00,0.00,0,0,0
23:53:25,0.0,9.0,0.00,0.00,0,0,0
23:53:26,0.0,13.2,0.00,0.00,0,0,0
23:53:27,0.0,56.8,0.00,0.00,0,0,0
23:53:28,0.0,62.4,0.00,0.00,0,0,0
23:53:29,0.0,76.2,0.00,0.00,0,0,0
23:53:30,0.0,62.4,0.00,0.00,0,0,0
23:53:31,0.0,15.1,0.00,0.00,0,0,0
23:53:32,0.0,28.0,0.00,0.00,0,0,0
23:53:33,0.0,51.2,0.00,0.00,0,0,0
23:53:34,0.0,28.3,0.00,0.00,0,0,0
23:53:35,0.0,71.8,0.00,0.00,0,0,0
23:53:36,0.0,65.3,0.00,0.00,0,0,0
23:53:37,0.0,17.7,0.00,0.00,0,0,0
23:53:38,0.0,28.1,0.00,0.00,0,0,0
23:53:39,0.0,13.8,0.00,0.00,0,0,0
23:53:40,0.0,31.6,0.00,0.00,0,0,0
23:53:41,0.0,76.7,0.00,0.00,0,0,0
23:53:42,0.0,61.4,0.00,0.00,0,0,0
23:53:43,0.0,78.3,0.00,0.00,0,0,0
23:53:44,0.0,44.7,0.00,0.00,0,0,0
23:53:45,0.0,8.5,0.00,0.00,0,0,0
23:53:46,0.0,33.3,0.00,0.00,0,0,0
23:53:47,0.0,4.4,0.00,0.00,0,0,0
23:53:48,0.0,35.2,0.00,0.00,0,0,0
23:53:49,0.0,81.5,0.00,0.00,0,0,0
23:53:50,0.0,42.7,0.00,0.00,0,0,0
23:53:51,0.0,82.1,0.00,0.00,0,0,0
23:53:52,0.0,40.6,0.00,0.00,0,0,0
23:53:53,0.0,4.9,0.00,0.00,0,0,0
23:53:54,0.0,34.8,0.00,0.00,0,0,0
23:53:55,0.0,80.0,0.00,0.00,0,0,0
23:53:56,0.0,50.5,0.00,0.00,0,0,0
23:53:57,0.0,66.6,0.00,0.00,0,0,0
23:53:58,0.0,42.9,0.00,0.00,0,0,0
23:53:59,0.0,5.2,0.00,0.00,0,0,0
23:54:00,0.0,50.4,0.00,0.00,0,0,0
23:54:01,0.0,6.6,0.00,0.00,0,0,0
23:54:02,0.0,53.8,0.00,0.00,0,0,0
23:54:03,0.0,64.3,0.00,0.00,0,0,0
23:54:04,0.0,39.6,0.00,0.00,0,0,0
23:54:05,0.0,62.6,0.00,0.00,0,0,0
23:54:06,0.0,14.4,0.00,0.00,0,0,0
23:54:07,0.0,8.5,0.00,0.00,0,0,0
23:54:08,0.0,60.9,0.00,0.00,0,0,0
23:54:09,0.0,31.7,0.00,0.00,0,0,0
23:54:10,0.0,58.0,0.00,0.00,0,0,0
23:54:11,0.0,61.0,0.00,0.00,0,0,0
23:54:12,0.0,11.0,0.00,0.00,0,0,0
23:54:13,0.0,12.3,0.00,0.00,0,0,0
23:54:14,0.0,8.0,0.00,0.00,0,0,0
23:54:15,0.0,33.5,0.00,0.00,0,0,0
23:54:16,0.0,61.4,0.00,0.00,0,0,0
23:54:17,0.0,59.1,0.00,0.00,0,0,0
23:54:18,0.0,81.2,0.00,0.00,0,0,0
23:54:19,0.0,56.9,0.00,0.00,0,0,0
23:54:20,0.0,3.9,0.00,0.00,0,0,0
23:54:21,0.0,35.7,0.00,0.00,0,0,0
23:54:22,0.0,0.8,0.00,0.00,0,0,0
23:54:23,0.0,38.3,0.00,0.00,0,0,0
23:54:24,0.0,81.2,0.00,0.00,0,0,0
23:54:25,0.0,40.1,0.00,0.00,0,0,0
23:54:26,0.0,3.9,0.00,0.00,0,0,0
23:54:27,0.0,37.4,0.00,0.00,0,0,0
23:54:28,0.0,9.2,0.00,0.00,0,0,0
23:54:29,0.0,40.7,0.00,0.00,0,0,0
23:54:30,0.0,79.1,0.00,0.00,0,0,0
23:54:31,0.0,57.5,0.00,0.00,0,0,0
23:54:32,0.0,79.0,0.00,0.00,0,0,0
23:54:33,0.0,33.5,0.00,0.00,0,0,0
23:54:34,0.0,13.1,0.00,0.00,0,0,0
23:54:35,0.0,29.5,0.00,0.00,0,0,0
23:54:36,0.0,16.2,0.00,0.00,0,0,0
23:54:37,0.0,61.5,0.00,0.00,0,0,0
23:54:38,0.0,74.2,0.00,0.00,0,0,0
23:54:39,0.0,29.9,0.00,0.00,0,0,0
23:54:40,0.0,57.2,0.00,0.00,0,0,0
23:54:41,0.0,26.4,0.00,0.00,0,0,0
23:54:42,0.0,19.2,0.00,0.00,0,0,0
23:54:43,0.0,64.9,0.00,0.00,0,0,0
23:54:44,0.0,24.4,0.00,0.00,0,0,0
23:54:45,0.0,68.0,0.00,0.00,0,0,0
23:54:46,0.0,52.2,0.00,0.00,0,0,0
23:54:47,0.0,21.7,0.00,0.00,0,0,0
23:54:48,0.0,24.7,0.00,0.00,0,0,0
23:54:49,0.0,1.2,0.00,0.00,0,0,0
23:54:50,0.0,27.9,0.00,0.00,0,0,0
23:54:51,0.0,72.2,0.00,0.00,0,0,0
23:54:52,0.0,49.2,0.00,0.00,0,0,0
23:54:53,0.0,76.2,0.00,0.00,0,0,0
23:54:54,0.0,47.1,0.00,0.00,0,0,0
23:54:55,0.0,1.7,0.00,0.00,0,0,0
23:54:56,0.0,45.8,0.00,0.00,0,0,0
23:54:57,0.0,2.1,0.00,0.00,0,0,0
23:54:58,0.0,47.8,0.00,0.00,0,0,0
23:54:59,0.0,72.5,0.00,0.00,0,0,0
23:55:00,0.0,45.3,0.00,0.00,0,0,0
23:55:01,0.0,3.0,0.00,0.00,0,0,0
23:55:02,0.0,22.9,0.00,0.00,0,0,0
23:55:03,0.0,4.4,0.00,0.00,0,0,0
23:55:04,0.0,50.2,0.00,0.00,0,0,0
23:55:05,0.0,68.6,0.00,0.00,0,0,0
23:55:06,0.0,51.1,0.00,0.00,0,0,0
23:55:07,0.0,65.1,0.00,0.00,0,0,0
23:55:08,0.0,18.7,0.00,0.00,0,0,0
23:55:09,0.0,5.7,0.00,0.00,0,0,0
23:55:10,0.0,15.2,0.00,0.00,0,0,0
23:55:11,0.0,29.0,0.00,0.00,0,0,0
23:55:12,0.0,54.3,0.00,0.00,0,0,0
23:55:13,0.0,62.8,0.00,0.00,0,0,0
23:55:14,0.0,14.5,0.00,0.00,0,0,0
23:55:15,0.0,60.8,0.00,0.00,0,0,0
23:55:16,0.0,10.8,0.00,0.00,0,0,0
23:55:17,0.0,32.4,0.00,0.00,0,0,0
23:55:18,0.0,58.6,0.00,0.00,0,0,0
23:55:19,0.0,33.6,0.00,0.00,0,0,0
23:55:20,0.0,79.2,0.00,0.00,0,0,0
23:55:21,0.0,44.3,0.00,0.00,0,0,0
23:55:22,0.0,7.3,0.00,0.00,0,0,0
23:55:23,0.0,42.1,0.00,0.00,0,0,0
23:55:24,0.0,5.4,0.00,0.00,0,0,0
23:55:25,0.0,35.7,0.00,0.00,0,0,0
23:55:26,0.0,80.8,0.00,0.00,0,0,0
23:55:27,0.0,41.9,0.00,0.00,0,0,0
23:55:28,0.0,82.1,0.00,0.00,0,0,0
23:55:29,0.0,38.8,0.00,0.00,0,0,0
23:55:30,0.0,7.6,0.00,0.00,0,0,0
23:55:31,0.0,40.3,0.00,0.00,0,0,0
23:55:32,0.0,11.0,0.00,0.00,0,0,0
23:55:33,0.0,57.3,0.00,0.00,0,0,0
23:55:34,0.0,79.8,0.00,0.00,0,0,0
23:55:35,0.0,33.7,0.00,0.00,0,0,0
23:55:36,0.0,13.1,0.00,0.00,0,0,0
23:55:37,0.0,30.6,0.00,0.00,0,0,0
23:55:38,0.0,14.9,0.00,0.00,0,0,0
23:55:39,0.0,60.6,0.00,0.00,0,0,0
23:55:40,0.0,77.0,0.00,0.00,0,0,0
23:55:41,0.0,63.3,0.00,0.00,0,0,0
23:55:42,0.0,58.1,0.00,0.00,0,0,0
23:55:43,0.0,27.9,0.00,0.00,0,0,0
23:55:44,0.0,19.6,0.00,0.00,0,0,0
23:55:45,0.0,4.0,0.00,0.00,0,0,0
23:55:46,0.0,21.4,0.00,0.00,0,0,0
23:55:47,0.0,67.2,0.00,0.00,0,0,0
23:55:48,0.0,53.7,0.00,0.00,0,0,0
23:55:49,0.0,3.0,0.00,0.00,0,0,0
23:55:50,0.0,52.7,0.00,0.00,0,0,0
23:55:51,0.0,2.9,0.00,0.00,0,0,0
23:55:52,0.0,39.2,0.00,0.00,0,0,0
23:55:53,0.0,69.5,0.00,0.00,0,0,0
23:55:54,0.0,42.7,0.00,0.00,0,0,0
23:55:55,0.0,80.1,0.00,0.00,0,0,0
23:55:56,0.0,49.0,0.00,0.00,0,0,0
23:55:57,0.0,1.3,0.00,0.00,0,0,0
23:55:58,0.0,31.5,0.00,0.00,0,0,0
23:55:59,0.0,1.8,0.00,0.00,0,0,0
23:56:00,0.0,45.7,0.00,0.00,0,0,0
23:56:01,0.0,75.5,0.00,0.00,0,0,0
23:56:02,0.0,46.5,0.00,0.00,0,0,0
23:56:03,0.0,72.5,0.00,0.00,0,0,0
23:56:04,0.0,27.8,0.00,0.00,0,0,0
23:56:05,0.0,5.1,0.00,0.00,0,0,0
23:56:06,0.0,47.5,0.00,0.00,0,0,0
23:56:07,0.0,79.4,0.00,0.00,0,0,0
23:56:08,0.0,47.5,0.00,0.00,0,0,0
23:56:09,0.0,79.6,0.00,0.00,0,0,0
23:56:10,0.0,36.5,0.00,0.00,0,0,0
23:56:11,0.0,1.5,0.00,0.00,0,0,0
23:56:12,0.0,33.8,0.00,0.00,0,0,0
23:56:13,0.0,13.5,0.00,0.00,0,0,0
23:56:14,0.0,42.6,0.00,0.00,0,0,0
23:56:15,0.0,81.4,0.00,0.00,0,0,0
23:56:16,0.0,44.0,0.00,0.00,0,0,0
23:56:17,0.0,69.0,0.00,0.00,0,0,0
23:56:18,0.0,44.8,0.00,0.00,0,0,0
23:56:19,0.0,5.2,0.00,0.00,0,0,0
23:56:20,0.0,48.1,0.00,0.00,0,0,0
23:56:21,0.0,71.6,0.00,0.00,0,0,0
23:56:22,0.0,46.1,0.00,0.00,0,0,0
23:56:23,0.0,81.2,0.00,0.00,0,0,0
23:56:24,0.0,55.4,0.00,0.00,0,0,0
23:56:25,0.0,9.8,0.00,0.00,0,0,0
23:56:26,0.0,36.5,0.00,0.00,0,0,0
23:56:27,0.0,13.2,0.00,0.00,0,0,0
23:56:28,0.0,34.8,0.00,0.00,0,0,0
23:56:29,0.0,74.3,0.00,0.00,0,0,0
23:56:30,0.0,65.7,0.00,0.00,0,0,0
23:56:31,0.0,23.7,0.00,0.00,0,0,0
23:56:32,0.0,20.6,0.00,0.00,0,0,0
23:56:33,0.0,24.7,0.00,0.00,0,0,0
23:56:34,0.0,22.2,0.00,0.00,0,0,0
23:56:35,0.0,61.5,0.00,0.00,0,0,0
